Área	Objetivo	Status_Conclusão	Data_Limite
Tecnologia	Lançar plataforma US	concluído	2025-09-15
Tecnologia	Integrar Stripe e PayPal	em_andamento	2025-10-31
Tecnologia	Liberar material de apresentação para simone	em_andamento	2025-10-04
Tecnologia	Certificação PCI DSS	planejado	2025-11-30
Financeiro	Atingir meta Q4	em_andamento	2025-12-31
Financeiro	Objetivo	em_andamento	
Financeiro	Reduzir custos 15%	em_andamento	2025-12-31
Financeiro	Setup contabilidade BR	concluído	2025-09-20
Jurídico	Licenças US completas	concluído	2025-08-30
Jurídico	Iniciar processo BR	em_andamento	2025-10-31
Jurídico	Iniciar processo BR	planejado	2025-11-01
Jurídico	Revisar contratos clientes	planejado	2025-11-15
Negócios	Pesquisa mercado BR	concluído	2025-09-10
Negócios	Definir pricing	em_andamento	2025-10-15
Negócios	Parcerias estratégicas	planejado	2025-11-30
Marketing	Lançar campanha US	concluído	2025-09-01
Marketing	propaganda fundos	concluído	2025-09-02
Marketing	Conteúdo redes sociais	em_andamento	2025-12-31
Marketing	Website institucional	planejado	2025-11-15
Atendimento	Base de conhecimento	em_andamento	2025-10-31
Atendimento	Treinamento equipe	concluído	2025-09-15
Atendimento	Sistema de tickets	concluído	2025-08-31
